Protein1,SeqPos1,Protein2,SeqPos2,RestraintSatisfied
GatB,421,GatB,457,True
GatA,21,GatA,56,True
GatB,129,GatB,213,True
GatB,408,GatB,457,True
GatB,397,GatB,408,True
GatB,209,GatB,262,True
GatA,31,GatA,56,True
GatB,223,GatB,254,True
GatB,392,GatB,408,True
GatA,260,GatA,395,True
GatB,385,GatB,454,True
GatB,129,GatB,262,True
GatB,223,GatB,255,True
GatA,376,GatA,380,True
GatB,385,GatB,392,True
GatB,438,GatB,474,True
GatB,379,GatB,457,True
GatB,230,GatB,255,True
GatB,79,GatB,213,True
GatB,385,GatB,457,True
GatB,213,GatB,262,True
GatA,2,GatA,31,True
GatB,385,GatB,408,True
